Scenario,Mean Total Time,Mean Triage Wait,Mean Bed Wait,Patients
baseline,349.06718569963397,103.63391808112918,139.13354625451984,1245
low_staffing,341.47020555762106,59.16046169342088,197.97798084283988,350
high_capacity,318.67421627378707,167.51162935944546,77.7016800050692,439
