Scenario,Mean Total Time,Mean Triage Wait,Mean Bed Wait,Patients
baseline,358.4314079696901,116.35018161197377,129.51581811723636,237
low_staffing,352.3872481163443,66.51898927565752,200.59727389020438,169
high_capacity,318.67421627378707,167.51162935944546,77.7016800050692,439
high_inflow,356.0200997894386,136.4047992844037,111.97109112002084,257
