index,labs,mean,std,count,ci95
0,1,254.10996017331524,30.40907852592898,8,21.07241632261223
1,2,230.6084961062424,8.099935781604696,2,11.225938255962546
2,5,225.04569474824785,,1,
