arrival,triage_wait,bed_wait,lab_time,total_time
0.8183886388681318,0.0,0.0,0.0,46.970117354641125
1.2238236255778183,0.9147330864772178,45.18038521558593,0.0,64.86338079616945
1.572138522456123,1.0359822554672018,54.63205408658506,0.0,255.6378160114592
2.0129975695993427,9.442152765562877,242.82423342116232,3.383512382655681,291.84974296313817
2.231581093391945,12.154140019361044,269.8755745322536,61.83951392858995,471.4971237679793
2.309909094991313,18.293744522836946,384.1537382739452,0.0,476.5223857606943
2.6351162159571335,25.100336442878962,441.0104757851025,57.34749779341746,638.2990844244101
3.625624975059626,34.196194095523495,541.5340088033489,0.0,687.9552353780256
4.029213447732046,38.023480595868925,641.8998377061478,0.0,705.859705487248
