arrival,triage_wait,bed_wait,lab_time,total_time
3.293383307091531,0.0,0.0,0.0,5.461960452301293
0.2116674323934079,0.0,0.0,12.369851819599113,15.833001011119716
3.5219506624102,4.826197455336089,0.0,0.0,48.17231193867011
5.978816816292173,5.7428402247568515,0.0,57.06888372229016,111.16190679300543
13.624530799141642,15.922549043568683,100.64849740211702,0.0,129.7824651703799
9.166721871819316,5.046468513529467,24.17879717345852,23.144302770917108,145.07988317126132
11.732431211939016,15.783034215682775,30.52476004429711,13.849527012151214,198.35017403436245
13.76230937120559,16.6914954988409,101.94919777123758,0.0,196.34551667157288
14.46219587293739,26.995602325346585,147.96909632970176,0.0,221.32444226422274
14.577707500736848,33.68627440371164,159.18543323942222,31.053378615020335,276.1656430889806
16.023494845075927,41.725329838289625,201.50812501316986,0.0,284.6420677567096
14.806646620570033,36.11574618278621,178.0378134537946,0.0,346.1246774686493
22.0473958917584,42.36803257348123,349.0758861564898,0.0,396.0974533476221
17.02921811820298,41.15262884332424,237.45656010363376,38.256565407097014,435.91646409756055
18.624712268173834,44.584290229977896,296.51589562397965,18.330279257662482,501.76696507193793
24.926398934768727,40.686831717408,350.8257637561865,12.176380061555847,507.6416584668989
26.15303030805451,42.11179936663022,437.0489411465189,48.97750125527966,558.1584605762062
26.2086614521062,43.57540664867686,464.0790722260929,25.175076859863566,583.2779062920181
31.317126668898464,72.72828301154924,503.3756548655573,0.0,598.402058549947
38.328749814359654,83.80836819456597,510.79911583372945,0.0,608.5222260826624
38.19903865994893,80.11088408611869,507.58206720991984,0.0,631.9352549655637
25.514331960713182,41.80475352248081,433.79656840776454,95.54687526068915,679.5191110441002
38.57226809794975,87.48338509307624,514.4536764086831,0.0,673.3936260003663
40.86047423828954,95.31406762248962,540.8427480446206,0.0,672.267074041334
