arrival,triage_wait,bed_wait,lab_time,total_time
0.10042086538393867,0.0,0.0,82.36935959822353,93.17562266272651
1.406646308695058,5.389859100815605,127.38440442918123,0.0,142.27329987615275
0.34683283656912955,3.5073734666023086,4.110178520376261,20.38295692664491,160.55338350817507
1.4078952903880646,11.72495969852999,128.05464356404278,0.0,246.54039058169224
1.4889333683697554,14.136369252435276,231.3784421098173,58.43284214771876,397.6508528554172
1.6906242046833415,14.879219557579653,323.9088798269645,0.0,489.8704443071898
2.0577819778142694,14.740282271289491,470.4776859936503,37.80206296128688,676.4897287553579
